city,state,lat,lon
Visakhapatnam,Andhra Pradesh,17.6868,83.2185
Vijayawada,Andhra Pradesh,16.5062,80.648
Guntur,Andhra Pradesh,16.3067,80.4365
Nellore,Andhra Pradesh,14.4426,79.9865
Kurnool,Andhra Pradesh,15.8281,78.0373
Kakinada,Andhra Pradesh,16.9891,82.2475
Rajahmundry,Andhra Pradesh,17.0005,81.804
Kadapa,Andhra Pradesh,14.4673,78.8242
Tirupati,Andhra Pradesh,13.6288,79.4192
Anantapur,Andhra Pradesh,14.6819,77.6006
Vizianagaram,Andhra Pradesh,18.1067,83.3956
Eluru,Andhra Pradesh,16.7107,81.0952
Ongole,Andhra Pradesh,15.5057,80.0499
Nandyal,Andhra Pradesh,15.4886,78.4836
Machilipatnam,Andhra Pradesh,16.1875,81.1389
Adoni,Andhra Pradesh,15.6322,77.2728
Tenali,Andhra Pradesh,16.243,80.64
Proddatur,Andhra Pradesh,14.7504,78.552
Chittoor,Andhra Pradesh,13.2172,79.1003
Hindupur,Andhra Pradesh,13.8294,77.4919
Bhimavaram,Andhra Pradesh,16.5449,81.5212
Madanapalle,Andhra Pradesh,13.55,78.5
Guntakal,Andhra Pradesh,15.1667,77.3667
Srikakulam,Andhra Pradesh,18.2949,83.8938
Dharmavaram,Andhra Pradesh,14.4142,77.7126
Gudivada,Andhra Pradesh,16.441,80.9926
Narasaraopet,Andhra Pradesh,16.236,80.054
Tadepalligudem,Andhra Pradesh,16.8142,81.5268
Amalapuram,Andhra Pradesh,16.5787,82.0061
Bapatla,Andhra Pradesh,15.9042,80.4676
Rayachoti,Andhra Pradesh,14.0558,78.752
Itanagar,Arunachal Pradesh,27.0844,93.6053
Naharlagun,Arunachal Pradesh,27.106,93.6934
Pasighat,Arunachal Pradesh,28.0667,95.3333
Tawang,Arunachal Pradesh,27.5861,91.8594
Ziro,Arunachal Pradesh,27.634,93.8378
Tezu,Arunachal Pradesh,27.9167,96.1667
Bomdila,Arunachal Pradesh,27.2644,92.4222
Along,Arunachal Pradesh,28.1667,94.7667
Roing,Arunachal Pradesh,28.14,95.84
Namsai,Arunachal Pradesh,27.6667,95.8667
Changlang,Arunachal Pradesh,27.1333,95.7333
Khonsa,Arunachal Pradesh,27.0167,95.5667
Seppa,Arunachal Pradesh,27.3564,93.0378
Daporijo,Arunachal Pradesh,27.9833,94.2167
Anini,Arunachal Pradesh,28.7906,95.9044
Yingkiong,Arunachal Pradesh,28.6167,94.9167
Guwahati,Assam,26.1445,91.7362
Silchar,Assam,24.817,92.7985
Dibrugarh,Assam,27.4728,94.912
Jorhat,Assam,26.7509,94.2037
Nagaon,Assam,26.3466,92.684
Tinsukia,Assam,27.4922,95.3468
Tezpur,Assam,26.6528,92.7926
Bongaigaon,Assam,26.4789,90.5594
Dhubri,Assam,26.0197,89.9744
Diphu,Assam,25.8447,93.4312
North Lakhimpur,Assam,27.2345,94.1037
Karimganj,Assam,24.8649,92.3592
Sivasagar,Assam,26.9826,94.6425
Goalpara,Assam,26.1806,90.6261
Barpeta,Assam,26.3211,91.0044
Hailakandi,Assam,24.6833,92.5667
Golaghat,Assam,26.5167,93.9667
Haflong,Assam,25.1833,93.0333
Mangaldai,Assam,26.4333,92.0333
Nalbari,Assam,26.45,91.4333
Kokrajhar,Assam,26.4,90.2667
Dhemaji,Assam,27.4833,94.5833
Morigaon,Assam,26.25,92.3333
Hojai,Assam,26.0,92.8667
Biswanath Chariali,Assam,26.7333,93.15
Chirang,Assam,26.54,90.49
Baksa,Assam,26.69,91.35
Udalguri,Assam,26.7452,92.0962
Majuli,Assam,26.95,94.2167
Charaideo,Assam,26.93,94.88
Patna,Bihar,25.5941,85.1376
Gaya,Bihar,24.7914,85.0002
Bhagalpur,Bihar,25.2425,86.9842
Muzaffarpur,Bihar,26.1209,85.3647
Purnia,Bihar,25.7771,87.4753
Darbhanga,Bihar,26.1542,85.8918
Bihar Sharif,Bihar,25.1982,85.5149
Arrah,Bihar,25.556,84.6603
Begusarai,Bihar,25.4182,86.1272
Katihar,Bihar,25.5394,87.5739
Munger,Bihar,25.3757,86.4744
Chhapra,Bihar,25.7811,84.7278
Sasaram,Bihar,24.9528,84.0317
Bettiah,Bihar,26.8019,84.5028
Saharsa,Bihar,25.8835,86.6006
Hajipur,Bihar,25.6858,85.2072
Dehri,Bihar,24.9083,84.1844
Siwan,Bihar,26.2196,84.3567
Motihari,Bihar,26.6469,84.9089
Nawada,Bihar,24.8864,85.5432
Buxar,Bihar,25.5647,83.9777
Kishanganj,Bihar,26.0967,87.9406
Sitamarhi,Bihar,26.5936,85.4897
Jamui,Bihar,24.926,86.223
Jehanabad,Bihar,25.2133,84.9867
Aurangabad,Bihar,24.75,84.3667
Banka,Bihar,24.88,86.92
Gopalganj,Bihar,26.47,84.43
Khagaria,Bihar,25.5,86.48
Lakhisarai,Bihar,25.17,86.09
Madhepura,Bihar,25.92,86.79
Madhubani,Bihar,26.35,86.07
Samastipur,Bihar,25.85,85.78
Sheikhpura,Bihar,25.13,85.85
Sheohar,Bihar,26.51,85.29
Supaul,Bihar,26.12,86.6
Vaishali,Bihar,25.99,85.13
Araria,Bihar,26.15,87.52
Raipur,Chhattisgarh,21.2514,81.6296
Bhilai,Chhattisgarh,21.1938,81.3509
Bilaspur,Chhattisgarh,22.0797,82.1409
Korba,Chhattisgarh,22.3595,82.7501
Rajnandgaon,Chhattisgarh,21.0974,81.0372
Jagdalpur,Chhattisgarh,19.074,82.009
Raigarh,Chhattisgarh,21.8974,83.395
Ambikapur,Chhattisgarh,23.1186,83.1979
Durg,Chhattisgarh,21.1904,81.2849
Dhamtari,Chhattisgarh,20.7071,81.5498
Mahasamund,Chhattisgarh,21.109,82.097
Kanker,Chhattisgarh,20.2719,81.4931
Kawardha,Chhattisgarh,22.0167,81.25
Champa,Chhattisgarh,22.05,82.65
Janjgir,Chhattisgarh,22.0167,82.5667
Bhatapara,Chhattisgarh,21.7333,81.9333
Dantevada,Chhattisgarh,18.9,81.35
Bijapur,Chhattisgarh,18.8,80.82
Sukma,Chhattisgarh,18.4,81.67
Narayanpur,Chhattisgarh,19.72,81.25
Kondagaon,Chhattisgarh,19.6,81.67
Mungeli,Chhattisgarh,22.07,81.69
Balod,Chhattisgarh,20.73,81.2
Bemetara,Chhattisgarh,21.7,81.55
Jashpur Nagar,Chhattisgarh,22.88,84.14
Panaji,Goa,15.4909,73.8278
Margao,Goa,15.2832,73.9862
Vasco da Gama,Goa,15.3982,73.8113
Mapusa,Goa,15.5937,73.8142
Ponda,Goa,15.4026,74.015
Ahmedabad,Gujarat,23.0225,72.5714
Surat,Gujarat,21.1702,72.8311
Vadodara,Gujarat,22.3072,73.1812
Rajkot,Gujarat,22.3039,70.8022
Bhavnagar,Gujarat,21.7645,72.1519
Jamnagar,Gujarat,22.4707,70.0577
Junagadh,Gujarat,21.5222,70.4579
Gandhinagar,Gujarat,23.2156,72.6369
Anand,Gujarat,22.5645,72.9289
Navsari,Gujarat,20.9467,72.952
Morbi,Gujarat,22.8173,70.837
Nadiad,Gujarat,22.6916,72.8634
Surendranagar,Gujarat,22.7278,71.6372
Bharuch,Gujarat,21.7051,72.9959
Mehsana,Gujarat,23.588,72.3693
Bhuj,Gujarat,23.242,69.6669
Porbandar,Gujarat,21.6417,69.6293
Palanpur,Gujarat,24.1724,72.4346
Valsad,Gujarat,20.5992,72.9342
Vapi,Gujarat,20.3893,72.9106
Gondal,Gujarat,21.9619,70.7985
Veraval,Gujarat,20.908,70.3667
Godhra,Gujarat,22.7758,73.6149
Patan,Gujarat,23.8493,72.1266
Dahod,Gujarat,22.8374,74.2562
Amreli,Gujarat,21.6032,71.2221
Botad,Gujarat,22.17,71.67
Modasa,Gujarat,23.46,73.3
Himmatnagar,Gujarat,23.6,72.95
Vyara,Gujarat,21.11,73.4
Ahwa,Gujarat,20.75,73.68
Chhota Udaipur,Gujarat,22.3,74.01
Rajpipla,Gujarat,21.87,73.5
Faridabad,Haryana,28.4089,77.3178
Gurugram,Haryana,28.4595,77.0266
Panipat,Haryana,29.3909,76.9635
Ambala,Haryana,30.3782,76.7767
Yamunanagar,Haryana,30.129,77.2674
Rohtak,Haryana,28.8955,76.6066
Hisar,Haryana,29.1492,75.7217
Karnal,Haryana,29.6857,76.9905
Sonipat,Haryana,28.9931,77.0151
Panchkula,Haryana,30.6942,76.8606
Bhiwani,Haryana,28.783,76.1397
Sirsa,Haryana,29.5349,75.0298
Bahadurgarh,Haryana,28.6924,76.924
Jind,Haryana,29.314,76.314
Thanesar,Haryana,29.9695,76.818
Kaithal,Haryana,29.8015,76.3996
Rewari,Haryana,28.1833,76.6167
Palwal,Haryana,28.1447,77.326
Hansi,Haryana,29.1,75.9667
Narnaul,Haryana,28.0444,76.1078
Fatehabad,Haryana,29.5167,75.45
Charkhi Dadri,Haryana,28.6,76.27
Shimla,Himachal Pradesh,31.1048,77.1734
Dharamshala,Himachal Pradesh,32.219,76.3234
Solan,Himachal Pradesh,30.9084,77.0999
Mandi,Himachal Pradesh,31.7087,76.932
Baddi,Himachal Pradesh,30.9578,76.7914
Nahan,Himachal Pradesh,30.5599,77.2955
Paonta Sahib,Himachal Pradesh,30.4435,77.6221
Sundarnagar,Himachal Pradesh,31.5333,76.9
Chamba,Himachal Pradesh,32.5534,76.1258
Una,Himachal Pradesh,31.4685,76.2708
Kullu,Himachal Pradesh,31.9579,77.1095
Hamirpur,Himachal Pradesh,31.6862,76.5213
Bilaspur,Himachal Pradesh,31.33,76.75
Keylong,Himachal Pradesh,32.57,77.03
Reckong Peo,Himachal Pradesh,31.54,78.27
Ranchi,Jharkhand,23.3441,85.3096
Jamshedpur,Jharkhand,22.8046,86.2029
Dhanbad,Jharkhand,23.7957,86.4304
Bokaro,Jharkhand,23.6693,86.1511
Deoghar,Jharkhand,24.4826,86.6974
Phusro,Jharkhand,23.7667,85.9833
Hazaribagh,Jharkhand,23.9937,85.3647
Giridih,Jharkhand,24.1856,86.3079
Ramgarh,Jharkhand,23.6333,85.5167
Medininagar,Jharkhand,24.0417,84.07
Chirkunda,Jharkhand,23.75,86.8
Chaibasa,Jharkhand,22.55,85.8
Dumka,Jharkhand,24.26,87.25
Sahibganj,Jharkhand,25.25,87.65
Godda,Jharkhand,24.83,87.21
Gumla,Jharkhand,23.04,84.54
Simdega,Jharkhand,22.61,84.5
Lohardaga,Jharkhand,23.44,84.68
Latehar,Jharkhand,23.74,84.5
Chatra,Jharkhand,24.21,84.87
Koderma,Jharkhand,24.47,85.59
Jamtara,Jharkhand,23.96,86.8
Pakur,Jharkhand,24.63,87.85
Khunti,Jharkhand,23.07,85.28
Bengaluru,Karnataka,12.9716,77.5946
Mysuru,Karnataka,12.2958,76.6394
Hubballi,Karnataka,15.3647,75.124
Mangaluru,Karnataka,12.9141,74.856
Belagavi,Karnataka,15.8497,74.4977
Kalaburagi,Karnataka,17.3297,76.8343
Davanagere,Karnataka,14.4644,75.9218
Ballari,Karnataka,15.1394,76.9214
Vijayapura,Karnataka,16.8302,75.71
Shivamogga,Karnataka,13.9299,75.5681
Tumakuru,Karnataka,13.3379,77.101
Raichur,Karnataka,16.2076,77.3463
Bidar,Karnataka,17.9104,77.5199
Hosapete,Karnataka,15.2689,76.3909
Gadag,Karnataka,15.4167,75.6167
Robertsonpet,Karnataka,12.9564,78.2711
Hassan,Karnataka,13.0033,76.1004
Bhadravati,Karnataka,13.84,75.7
Chitradurga,Karnataka,14.2251,76.398
Udupi,Karnataka,13.3409,74.7421
Kolar,Karnataka,13.1367,78.134
Mandya,Karnataka,12.52,76.9
Chikkamagaluru,Karnataka,13.3161,75.772
Bagalkote,Karnataka,16.1817,75.6958
Ranebennuru,Karnataka,14.62,75.62
Haveri,Karnataka,14.7958,75.4011
Yadgir,Karnataka,16.77,77.14
Chikkaballapur,Karnataka,13.43,77.73
Ramanagara,Karnataka,12.72,77.28
Chamarajanagar,Karnataka,11.92,76.94
Madikeri,Karnataka,12.42,75.74
Karwar,Karnataka,14.81,74.13
Thiruvananthapuram,Kerala,8.5241,76.9366
Kochi,Kerala,9.9312,76.2673
Kozhikode,Kerala,11.2588,75.7804
Kollam,Kerala,8.8932,76.6141
Thrissur,Kerala,10.5276,76.2144
Kannur,Kerala,11.8745,75.3704
Alappuzha,Kerala,9.4981,76.3388
Kottayam,Kerala,9.5916,76.5222
Palakkad,Kerala,10.7867,76.6548
Manjeri,Kerala,11.12,76.12
Thalassery,Kerala,11.75,75.49
Ponnani,Kerala,10.77,75.93
Vatakara,Kerala,11.6,75.58
Kanhangad,Kerala,12.31,75.09
Payyanur,Kerala,12.1,75.2
Koyilandy,Kerala,11.44,75.7
Neyyattinkara,Kerala,8.4,77.08
Kayamkulam,Kerala,9.17,76.5
Malappuram,Kerala,11.07,76.07
Pathanamthitta,Kerala,9.27,76.78
Idukki,Kerala,9.85,76.98
Kalpetta,Kerala,11.61,76.08
Kasaragod,Kerala,12.51,74.98
Indore,Madhya Pradesh,22.7196,75.8577
Bhopal,Madhya Pradesh,23.2599,77.4126
Jabalpur,Madhya Pradesh,23.1815,79.9864
Gwalior,Madhya Pradesh,26.2183,78.1828
Ujjain,Madhya Pradesh,23.1765,75.7885
Sagar,Madhya Pradesh,23.8388,78.7378
Dewas,Madhya Pradesh,22.9676,76.0534
Satna,Madhya Pradesh,24.6005,80.8322
Ratlam,Madhya Pradesh,23.3315,75.0367
Rewa,Madhya Pradesh,24.5373,81.3042
Murwara,Madhya Pradesh,23.8324,80.3986
Singrauli,Madhya Pradesh,24.1997,82.6644
Burhanpur,Madhya Pradesh,21.3144,76.2294
Khandwa,Madhya Pradesh,21.8314,76.3498
Morena,Madhya Pradesh,26.495,77.9944
Bhind,Madhya Pradesh,26.5653,78.7892
Chhindwara,Madhya Pradesh,22.0574,78.9382
Guna,Madhya Pradesh,24.6548,77.309
Shivpuri,Madhya Pradesh,25.4328,77.6599
Vidisha,Madhya Pradesh,23.5251,77.8081
Chhatarpur,Madhya Pradesh,24.9167,79.5833
Damoh,Madhya Pradesh,23.8384,79.4422
Mandsaur,Madhya Pradesh,24.0722,75.0694
Khargone,Madhya Pradesh,21.8222,75.6111
Neemuch,Madhya Pradesh,24.45,74.87
Pithampur,Madhya Pradesh,22.61,75.69
Hoshangabad,Madhya Pradesh,22.75,77.72
Itarsi,Madhya Pradesh,22.61,77.76
Sehore,Madhya Pradesh,23.2,77.08
Betul,Madhya Pradesh,21.9,77.9
Seoni,Madhya Pradesh,22.08,79.54
Datia,Madhya Pradesh,25.67,78.46
Nagda,Madhya Pradesh,23.45,75.42
Dhar,Madhya Pradesh,22.6,75.3
Balaghat,Madhya Pradesh,21.8,80.18
Shahdol,Madhya Pradesh,23.28,81.35
Tikamgarh,Madhya Pradesh,24.74,78.83
Barwani,Madhya Pradesh,22.03,74.9
Sheopur,Madhya Pradesh,25.67,76.7
Raisen,Madhya Pradesh,23.33,77.78
Panna,Madhya Pradesh,24.72,80.2
Narsinghpur,Madhya Pradesh,22.95,79.2
Mandla,Madhya Pradesh,22.6,80.37
Shajapur,Madhya Pradesh,23.43,76.28
Ashoknagar,Madhya Pradesh,24.57,77.73
Umaria,Madhya Pradesh,23.52,80.83
Alirajpur,Madhya Pradesh,22.3,74.35
Jhabua,Madhya Pradesh,22.77,74.6
Dindori,Madhya Pradesh,22.95,81.08
Anuppur,Madhya Pradesh,23.1,81.68
Agar Malwa,Madhya Pradesh,23.71,76.01
Niwari,Madhya Pradesh,25.36,78.8
Mumbai,Maharashtra,18.9733,72.8281
Pune,Maharashtra,18.5204,73.8567
Nagpur,Maharashtra,21.1458,79.0882
Thane,Maharashtra,19.2183,72.9781
Nashik,Maharashtra,19.9975,73.7898
Kalyan,Maharashtra,19.2437,73.1355
Vasai-Virar,Maharashtra,19.3919,72.8397
Aurangabad,Maharashtra,19.8762,75.3433
Navi Mumbai,Maharashtra,19.033,73.0297
Solapur,Maharashtra,17.6599,75.9064
Mira-Bhayandar,Maharashtra,19.2952,72.8544
Bhiwandi,Maharashtra,19.2967,73.0631
Amravati,Maharashtra,20.9374,77.7796
Nanded,Maharashtra,19.1383,77.321
Kolhapur,Maharashtra,16.705,74.2433
Ulhasnagar,Maharashtra,19.2215,73.1645
Sangli,Maharashtra,16.8524,74.5815
Malegaon,Maharashtra,20.5579,74.5289
Jalgaon,Maharashtra,21.0077,75.5626
Akola,Maharashtra,20.7002,77.0082
Latur,Maharashtra,18.4088,76.5604
Dhule,Maharashtra,20.9042,74.7749
Ahmednagar,Maharashtra,19.0948,74.748
Chandrapur,Maharashtra,19.9615,79.2961
Parbhani,Maharashtra,19.2704,76.7749
Ichalkaranji,Maharashtra,16.6922,74.4578
Jalna,Maharashtra,19.8347,75.8816
Ambarnath,Maharashtra,19.1825,73.1926
Bhusawal,Maharashtra,21.0455,75.7725
Panvel,Maharashtra,18.9894,73.1175
Satara,Maharashtra,17.6805,73.9936
Beed,Maharashtra,18.9902,75.7601
Yavatmal,Maharashtra,20.3888,78.1204
Gondia,Maharashtra,21.4598,80.1961
Wardha,Maharashtra,20.7453,78.6022
Barshi,Maharashtra,18.2333,75.6833
Achalpur,Maharashtra,21.2667,77.5167
Osmanabad,Maharashtra,18.1667,76.05
Nandurbar,Maharashtra,21.37,74.24
Ratnagiri,Maharashtra,16.99,73.3
Sindhudurg,Maharashtra,16.12,73.7
Bhandara,Maharashtra,21.17,79.65
Gadchiroli,Maharashtra,20.18,80.0
Washim,Maharashtra,20.11,77.13
Hingoli,Maharashtra,19.72,77.15
Palghar,Maharashtra,19.7,72.77
Buldhana,Maharashtra,20.53,76.18
Imphal,Manipur,24.817,93.9368
Thoubal,Manipur,24.6333,94.0167
Bishnupur,Manipur,24.63,93.76
Churachandpur,Manipur,24.3333,93.6667
Kakching,Manipur,24.48,93.98
Ukhrul,Manipur,25.1167,94.3667
Senapati,Manipur,25.2667,94.0167
Tamenglong,Manipur,24.9833,93.4833
Chandel,Manipur,24.32,94.0
Jiribam,Manipur,24.8,93.12
Shillong,Meghalaya,25.5788,91.8933
Tura,Meghalaya,25.5141,90.2032
Cherrapunji,Meghalaya,25.2986,91.7303
Jowai,Meghalaya,25.45,92.2
Nongpoh,Meghalaya,25.9,91.88
Williamnagar,Meghalaya,25.6,90.62
Baghmara,Meghalaya,25.2,90.63
Resubelpara,Meghalaya,25.9,90.6
Mairang,Meghalaya,25.56,91.64
Khliehriat,Meghalaya,25.35,92.37
Aizawl,Mizoram,23.7271,92.7176
Lunglei,Mizoram,22.88,92.73
Champhai,Mizoram,23.47,93.33
Serchhip,Mizoram,23.3,92.83
Kolasib,Mizoram,24.22,92.68
Lawngtlai,Mizoram,22.53,92.89
Saiha,Mizoram,22.48,92.97
Mamit,Mizoram,23.93,92.49
Kohima,Nagaland,25.6751,94.1086
Dimapur,Nagaland,25.9096,93.7265
Mokokchung,Nagaland,26.32,94.52
Tuensang,Nagaland,26.28,94.83
Wokha,Nagaland,26.1,94.27
Zunheboto,Nagaland,25.97,94.52
Mon,Nagaland,26.75,95.06
Phek,Nagaland,25.67,94.5
Kiphire,Nagaland,25.9,94.78
Longleng,Nagaland,26.47,94.81
Peren,Nagaland,25.51,93.74
Bhubaneswar,Odisha,20.2961,85.8245
Cuttack,Odisha,20.4625,85.883
Rourkela,Odisha,22.2604,84.8536
Berhampur,Odisha,19.315,84.7941
Sambalpur,Odisha,21.4669,83.9812
Puri,Odisha,19.8135,85.8312
Balasore,Odisha,21.4934,86.9135
Bhadrak,Odisha,21.0544,86.4955
Baripada,Odisha,21.9333,86.7333
Jharsuguda,Odisha,21.8554,84.0062
Jeypore,Odisha,18.855,82.5694
Bargarh,Odisha,21.3333,83.6167
Rayagada,Odisha,19.1667,83.4167
Bolangir,Odisha,20.7167,83.4833
Angul,Odisha,20.84,85.1
Dhenkanal,Odisha,20.67,85.6
Kendujhar,Odisha,21.63,85.58
Kendrapara,Odisha,20.5,86.42
Jagatsinghpur,Odisha,20.27,86.17
Jajpur,Odisha,20.85,86.33
Khurda,Odisha,20.18,85.62
Nayagarh,Odisha,20.13,85.1
Ganjam,Odisha,19.38,85.07
Gajapati,Odisha,18.8,84.17
Kandhamal,Odisha,20.15,84.05
Boudh,Odisha,20.83,84.32
Subarnapur,Odisha,20.83,83.75
Nuapada,Odisha,20.83,82.53
Kalahandi,Odisha,19.9,83.17
Nabarangpur,Odisha,19.23,82.55
Koraput,Odisha,18.82,82.72
Malkangiri,Odisha,18.35,81.9
Sundargarh,Odisha,22.12,84.03
Deogarh,Odisha,21.53,84.73
Ludhiana,Punjab,30.901,75.8573
Amritsar,Punjab,31.634,74.8723
Jalandhar,Punjab,31.326,75.5762
Patiala,Punjab,30.3398,76.3869
Bathinda,Punjab,30.211,74.9455
Hoshiarpur,Punjab,31.5273,75.9142
Mohali,Punjab,30.7046,76.7179
Batala,Punjab,31.8186,75.2028
Pathankot,Punjab,32.2689,75.6499
Moga,Punjab,30.823,75.1734
Abohar,Punjab,30.1453,74.1994
Malerkotla,Punjab,30.5266,75.8835
Khanna,Punjab,30.7,76.22
Phagwara,Punjab,31.224,75.7708
Muktsar,Punjab,30.4744,74.5167
Barnala,Punjab,30.3819,75.5469
Rajpura,Punjab,30.4833,76.6
Firozpur,Punjab,30.9236,74.6122
Kapurthala,Punjab,31.38,75.38
Sangrur,Punjab,30.2458,75.8422
Fazilka,Punjab,30.4039,74.0289
Faridkot,Punjab,30.6769,74.7583
Gurdaspur,Punjab,32.0419,75.4053
Mansa,Punjab,29.9889,75.3931
Rupnagar,Punjab,30.9664,76.5331
Tarn Taran,Punjab,31.4522,74.9256
Fatehgarh Sahib,Punjab,30.6475,76.3989
Nawanshahr,Punjab,31.1256,76.1189
Jaipur,Rajasthan,26.9124,75.7873
Jodhpur,Rajasthan,26.2389,73.0243
Kota,Rajasthan,25.2138,75.8648
Bikaner,Rajasthan,28.0229,73.3119
Ajmer,Rajasthan,26.4499,74.6399
Udaipur,Rajasthan,24.5854,73.7125
Bhilwara,Rajasthan,25.3407,74.6313
Alwar,Rajasthan,27.553,76.6346
Bharatpur,Rajasthan,27.2152,77.503
Sriganganagar,Rajasthan,29.9038,73.8772
Sikar,Rajasthan,27.6094,75.1398
Pali,Rajasthan,25.7711,73.3234
Chittorgarh,Rajasthan,24.8887,74.6269
Tonk,Rajasthan,26.1667,75.7833
Kishangarh,Rajasthan,26.57,74.86
Beawar,Rajasthan,26.1,74.32
Hanumangarh,Rajasthan,29.58,74.32
Dholpur,Rajasthan,26.7,77.9
Sawai Madhopur,Rajasthan,25.9928,76.3525
Churu,Rajasthan,28.29,74.96
Barmer,Rajasthan,25.75,71.39
Jaisalmer,Rajasthan,26.9157,70.9083
Nagaur,Rajasthan,27.2,73.74
Jhunjhunu,Rajasthan,28.13,75.4
Bundi,Rajasthan,25.44,75.64
Dausa,Rajasthan,26.89,76.33
Banswara,Rajasthan,23.55,74.44
Baran,Rajasthan,25.1,76.51
Dungarpur,Rajasthan,23.84,73.71
Jalore,Rajasthan,25.35,72.62
Jhalawar,Rajasthan,24.6,76.16
Pratapgarh,Rajasthan,24.03,74.78
Rajsamand,Rajasthan,25.07,73.88
Sirohi,Rajasthan,24.88,72.86
Mount Abu,Rajasthan,24.5925,72.7156
Gangtok,Sikkim,27.3389,88.6065
Namchi,Sikkim,27.1667,88.35
Geyzing,Sikkim,27.2833,88.25
Mangan,Sikkim,27.5167,88.5333
Soreng,Sikkim,27.17,88.2
Pakyong,Sikkim,27.24,88.59
Chennai,Tamil Nadu,13.0827,80.2707
Coimbatore,Tamil Nadu,11.0168,76.9558
Madurai,Tamil Nadu,9.9252,78.1198
Tiruchirappalli,Tamil Nadu,10.7905,78.7047
Salem,Tamil Nadu,11.6643,78.146
Tirunelveli,Tamil Nadu,8.7139,77.7567
Tiruppur,Tamil Nadu,11.1085,77.3411
Ranipet,Tamil Nadu,12.9224,79.3327
Nagercoil,Tamil Nadu,8.1833,77.4119
Thanjavur,Tamil Nadu,10.787,79.1378
Vellore,Tamil Nadu,12.9165,79.1325
Kancheepuram,Tamil Nadu,12.8342,79.7036
Erode,Tamil Nadu,11.341,77.7172
Dindigul,Tamil Nadu,10.3673,77.9803
Cuddalore,Tamil Nadu,11.748,79.7714
Kumbakonam,Tamil Nadu,10.9602,79.3845
Rajapalayam,Tamil Nadu,9.4532,77.555
Pudukkottai,Tamil Nadu,10.3833,78.8
Hosur,Tamil Nadu,12.7409,77.8253
Ambur,Tamil Nadu,12.7904,78.7166
Karaikudi,Tamil Nadu,10.0735,78.7732
Neyveli,Tamil Nadu,11.6038,79.4862
Nagapattinam,Tamil Nadu,10.7672,79.8449
Viluppuram,Tamil Nadu,11.9401,79.4861
Tiruvannamalai,Tamil Nadu,12.2253,79.0747
Thoothukkudi,Tamil Nadu,8.7642,78.1348
Sivakasi,Tamil Nadu,9.45,77.8
Ooty,Tamil Nadu,11.4102,76.695
Kanyakumari,Tamil Nadu,8.0883,77.5385
Karur,Tamil Nadu,10.9601,78.0766
Namakkal,Tamil Nadu,11.2189,78.1674
Dharmapuri,Tamil Nadu,12.1211,78.1582
Krishnagiri,Tamil Nadu,12.5186,78.2137
Theni,Tamil Nadu,10.0104,77.4768
Perambalur,Tamil Nadu,11.2333,78.8833
Ariyalur,Tamil Nadu,11.1401,79.0786
Tiruvarur,Tamil Nadu,10.7725,79.6368
Tenkasi,Tamil Nadu,8.9594,77.315
Chengalpattu,Tamil Nadu,12.6922,79.9767
Tirupattur,Tamil Nadu,12.495,78.5678
Kallakurichi,Tamil Nadu,11.738,78.9634
Mayiladuthurai,Tamil Nadu,11.1018,79.6522
Hyderabad,Telangana,17.385,78.4867
Warangal,Telangana,17.9689,79.5941
Nizamabad,Telangana,18.6725,78.0941
Karimnagar,Telangana,18.4386,79.1288
Ramagundam,Telangana,18.76,79.48
Khammam,Telangana,17.2473,80.1514
Mahbubnagar,Telangana,16.7488,78.0035
Nalgonda,Telangana,17.05,79.27
Adilabad,Telangana,19.6667,78.5333
Suryapet,Telangana,17.1439,79.6236
Siddipet,Telangana,18.1018,78.852
Miryalaguda,Telangana,16.8744,79.5636
Jagtial,Telangana,18.7944,78.9142
Mancherial,Telangana,18.8679,79.4639
Nirmal,Telangana,19.0964,78.3428
Kamareddy,Telangana,18.3244,78.3392
Kothagudem,Telangana,17.55,80.6167
Bodhan,Telangana,18.6667,77.9
Sangareddy,Telangana,17.6294,78.0917
Medak,Telangana,18.0483,78.2622
Vikarabad,Telangana,17.3364,77.9047
Wanaparthy,Telangana,16.3625,78.0617
Nagarkurnool,Telangana,16.4844,78.3075
Gadwal,Telangana,16.23,77.8
Bhupalpally,Telangana,18.43,79.86
Jangaon,Telangana,17.72,79.18
Mahabubabad,Telangana,17.6,80.0
Asifabad,Telangana,19.36,79.29
Peddapalli,Telangana,18.61,79.38
Sircilla,Telangana,18.38,78.83
Narayanpet,Telangana,16.73,77.5
Mulugu,Telangana,18.19,79.94
Medchal,Telangana,17.63,78.48
Agartala,Tripura,23.8315,91.2868
Dharmanagar,Tripura,24.3833,92.1667
Udaipur,Tripura,23.5333,91.4833
Kailashahar,Tripura,24.3333,92.0
Belonia,Tripura,23.25,91.45
Khowai,Tripura,24.0667,91.6
Ambassa,Tripura,23.9167,91.85
Teliamura,Tripura,23.8333,91.6
Lucknow,Uttar Pradesh,26.8467,80.9462
Kanpur,Uttar Pradesh,26.4499,80.3319
Ghaziabad,Uttar Pradesh,28.6692,77.4538
Agra,Uttar Pradesh,27.1767,78.0081
Meerut,Uttar Pradesh,28.9845,77.7064
Varanasi,Uttar Pradesh,25.3176,82.9739
Prayagraj,Uttar Pradesh,25.4358,81.8463
Bareilly,Uttar Pradesh,28.367,79.4304
Aligarh,Uttar Pradesh,27.8974,78.088
Moradabad,Uttar Pradesh,28.8351,78.7747
Saharanpur,Uttar Pradesh,29.964,77.546
Gorakhpur,Uttar Pradesh,26.7606,83.3732
Noida,Uttar Pradesh,28.5355,77.391
Firozabad,Uttar Pradesh,27.1597,78.3957
Jhansi,Uttar Pradesh,25.4484,78.5685
Muzaffarnagar,Uttar Pradesh,29.4727,77.7085
Mathura,Uttar Pradesh,27.4924,77.6737
Budaun,Uttar Pradesh,28.03,79.12
Rampur,Uttar Pradesh,28.8,79.03
Shahjahanpur,Uttar Pradesh,27.88,79.91
Farrukhabad,Uttar Pradesh,27.38,79.58
Ayodhya,Uttar Pradesh,26.7922,82.1998
Mau,Uttar Pradesh,25.95,83.56
Hapur,Uttar Pradesh,28.73,77.78
Etawah,Uttar Pradesh,26.77,79.02
Mirzapur,Uttar Pradesh,25.15,82.58
Bulandshahr,Uttar Pradesh,28.41,77.85
Sambhal,Uttar Pradesh,28.58,78.57
Amroha,Uttar Pradesh,28.9,78.47
Hardoi,Uttar Pradesh,27.42,80.13
Fatehpur,Uttar Pradesh,25.93,80.81
Raebareli,Uttar Pradesh,26.23,81.24
Orai,Uttar Pradesh,25.99,79.45
Sitapur,Uttar Pradesh,27.57,80.68
Bahraich,Uttar Pradesh,27.58,81.6
Modinagar,Uttar Pradesh,28.83,77.58
Unnao,Uttar Pradesh,26.55,80.49
Jaunpur,Uttar Pradesh,25.75,82.68
Lakhimpur,Uttar Pradesh,27.95,80.78
Hathras,Uttar Pradesh,27.6,78.05
Banda,Uttar Pradesh,25.48,80.33
Pilibhit,Uttar Pradesh,28.63,79.8
Barabanki,Uttar Pradesh,26.92,81.18
Gonda,Uttar Pradesh,27.13,81.96
Mainpuri,Uttar Pradesh,27.23,79.03
Lalitpur,Uttar Pradesh,24.69,78.41
Etah,Uttar Pradesh,27.63,78.67
Deoria,Uttar Pradesh,26.5,83.78
Ghazipur,Uttar Pradesh,25.58,83.58
Sultanpur,Uttar Pradesh,26.26,82.07
Azamgarh,Uttar Pradesh,26.07,83.19
Bijnor,Uttar Pradesh,29.37,78.13
Basti,Uttar Pradesh,26.8,82.76
Chandauli,Uttar Pradesh,25.26,83.27
Ballia,Uttar Pradesh,25.76,84.15
Akbarpur,Uttar Pradesh,26.43,82.54
Greater Noida,Uttar Pradesh,28.4744,77.504
Shamli,Uttar Pradesh,29.45,77.31
Baghpat,Uttar Pradesh,28.95,77.22
Kasganj,Uttar Pradesh,27.81,78.65
Auraiya,Uttar Pradesh,26.47,79.52
Kannauj,Uttar Pradesh,27.05,79.92
Amethi,Uttar Pradesh,26.15,81.82
Mahoba,Uttar Pradesh,25.29,79.87
Hamirpur,Uttar Pradesh,25.95,80.15
Chitrakoot,Uttar Pradesh,25.18,80.85
Kaushambi,Uttar Pradesh,25.53,81.42
Pratapgarh,Uttar Pradesh,25.9,81.99
Bhadohi,Uttar Pradesh,25.42,82.57
Sonbhadra,Uttar Pradesh,24.69,83.07
Siddharthnagar,Uttar Pradesh,27.29,82.82
Maharajganj,Uttar Pradesh,27.14,83.56
Kushinagar,Uttar Pradesh,26.74,83.89
Sant Kabir Nagar,Uttar Pradesh,26.78,83.03
Shravasti,Uttar Pradesh,27.7,81.93
Balrampur,Uttar Pradesh,27.43,82.18
Dehradun,Uttarakhand,30.3165,78.0322
Haridwar,Uttarakhand,29.9457,78.1642
Roorkee,Uttarakhand,29.8543,77.888
Haldwani,Uttarakhand,29.2183,79.513
Rudrapur,Uttarakhand,28.98,79.4
Kashipur,Uttarakhand,29.21,78.95
Rishikesh,Uttarakhand,30.0869,78.2676
Nainital,Uttarakhand,29.3919,79.4542
Mussoorie,Uttarakhand,30.4598,78.0644
Almora,Uttarakhand,29.5971,79.6591
Pithoragarh,Uttarakhand,29.5829,80.2182
Kotdwar,Uttarakhand,29.75,78.52
Tehri,Uttarakhand,30.38,78.48
Pauri,Uttarakhand,30.15,78.78
Chamoli,Uttarakhand,30.4,79.33
Uttarkashi,Uttarakhand,30.73,78.44
Rudraprayag,Uttarakhand,30.28,78.98
Champawat,Uttarakhand,29.33,80.1
Bageshwar,Uttarakhand,29.84,79.77
Kolkata,West Bengal,22.5726,88.3639
Howrah,West Bengal,22.5958,88.2636
Durgapur,West Bengal,23.5204,87.3119
Asansol,West Bengal,23.6739,86.9524
Siliguri,West Bengal,26.7271,88.3953
Bardhaman,West Bengal,23.2324,87.8615
Malda,West Bengal,25.0108,88.1411
Baharampur,West Bengal,24.0988,88.2514
Habra,West Bengal,22.8447,88.6322
Kharagpur,West Bengal,22.34,87.32
Shantipur,West Bengal,23.25,88.43
Dankuni,West Bengal,22.68,88.3
Dhulian,West Bengal,24.68,87.97
Ranaghat,West Bengal,23.18,88.58
Haldia,West Bengal,22.0667,88.1
Raiganj,West Bengal,25.62,88.12
Krishnanagar,West Bengal,23.4,88.5
Nabadwip,West Bengal,23.42,88.37
Midnapore,West Bengal,22.42,87.32
Jalpaiguri,West Bengal,26.52,88.73
Balurghat,West Bengal,25.22,88.76
Basirhat,West Bengal,22.66,88.89
Bankura,West Bengal,23.23,87.07
Chakdaha,West Bengal,23.08,88.52
Darjeeling,West Bengal,27.041,88.2663
Alipurduar,West Bengal,26.49,89.53
Purulia,West Bengal,23.33,86.36
Cooch Behar,West Bengal,26.32,89.45
Kalimpong,West Bengal,27.06,88.47
Jhargram,West Bengal,22.45,86.99
Tamluk,West Bengal,22.3,87.92
Suri,West Bengal,23.91,87.53
New Delhi,Delhi,28.6139,77.209
North Delhi,Delhi,28.7041,77.1025
South Delhi,Delhi,28.5355,77.241
East Delhi,Delhi,28.6256,77.2952
West Delhi,Delhi,28.6667,77.0667
Central Delhi,Delhi,28.6448,77.2167
Dwarka,Delhi,28.5921,77.046
Rohini,Delhi,28.7495,77.0565
Srinagar,Jammu and Kashmir,34.0837,74.7973
Jammu,Jammu and Kashmir,32.7266,74.857
Anantnag,Jammu and Kashmir,33.7311,75.1522
Baramulla,Jammu and Kashmir,34.2,74.34
Udhampur,Jammu and Kashmir,32.93,75.14
Kathua,Jammu and Kashmir,32.37,75.52
Sopore,Jammu and Kashmir,34.3,74.47
Rajouri,Jammu and Kashmir,33.38,74.3
Poonch,Jammu and Kashmir,33.77,74.1
Pulwama,Jammu and Kashmir,33.87,74.89
Kupwara,Jammu and Kashmir,34.53,74.25
Ganderbal,Jammu and Kashmir,34.22,74.78
Budgam,Jammu and Kashmir,34.02,74.72
Kulgam,Jammu and Kashmir,33.65,75.02
Bandipora,Jammu and Kashmir,34.42,74.64
Doda,Jammu and Kashmir,33.14,75.54
Ramban,Jammu and Kashmir,33.24,75.19
Reasi,Jammu and Kashmir,33.08,74.83
Kishtwar,Jammu and Kashmir,33.31,75.76
Samba,Jammu and Kashmir,32.56,75.12
Leh,Ladakh,34.1526,77.5771
Kargil,Ladakh,34.5539,76.1349
Chandigarh,Chandigarh,30.7333,76.7794
Puducherry,Puducherry,11.9416,79.8083
Karaikal,Puducherry,10.9254,79.838
Mahe,Puducherry,11.7,75.53
Yanam,Puducherry,16.73,82.21
Port Blair,Andaman and Nicobar Islands,11.6234,92.7265
Car Nicobar,Andaman and Nicobar Islands,9.155,92.7667
Diglipur,Andaman and Nicobar Islands,13.2667,92.9833
Daman,Dadra and Nagar Haveli and Daman and Diu,20.3974,72.8328
Diu,Dadra and Nagar Haveli and Daman and Diu,20.7144,70.9874
Silvassa,Dadra and Nagar Haveli and Daman and Diu,20.2763,73.0083
Kavaratti,Lakshadweep,10.5667,72.6417
Agatti,Lakshadweep,10.85,72.1833
Andrott,Lakshadweep,10.8167,73.6833
Minicoy,Lakshadweep,8.2833,73.05
Digboi,Assam,27.38,95.62
Duliajan,Assam,27.35,95.32
Margherita,Assam,27.28,95.68
Sualkuchi,Assam,26.17,91.57
Hajo,Assam,26.25,91.53
Rangia,Assam,26.47,91.63
Bokakhat,Assam,26.63,93.58
Sarupathar,Assam,26.18,93.82
Namrup,Assam,27.18,95.35
Badarpur,Assam,24.9,92.57
Lakhipur,Assam,24.8,93.02
Moranhat,Assam,27.18,94.93
Bokajan,Assam,26.02,93.78
Abhayapuri,Assam,26.33,90.67
Bilasipara,Assam,26.23,90.23
Gauripur,Assam,26.08,89.97
Mankachar,Assam,25.53,89.87
Chapar,Assam,26.27,90.47
Tangla,Assam,26.65,91.92
Kharupetia,Assam,26.52,92.13
Dergaon,Assam,26.7,93.97
Titabor,Assam,26.6,94.2
Mariani,Assam,26.67,94.33
Nazira,Assam,26.92,94.73
Sonari,Assam,27.07,95.03
Amguri,Assam,26.8,94.53
Bihpuria,Assam,27.03,93.9
Narayanpur,Assam,26.98,93.85
Gohpur,Assam,26.88,93.63
Dhekiajuli,Assam,26.7,92.5
Hawai,Arunachal Pradesh,27.88,96.8
Koloriang,Arunachal Pradesh,27.9,93.35
Boleng,Arunachal Pradesh,28.33,94.97
Lemmi,Arunachal Pradesh,27.25,93.15
Likabali,Arunachal Pradesh,27.65,94.7
Raga,Arunachal Pradesh,27.8,94.05
Tato,Arunachal Pradesh,28.53,94.37
Jamin,Arunachal Pradesh,27.75,93.45
Dambuk,Arunachal Pradesh,28.25,95.55
Namsing,Arunachal Pradesh,27.95,95.38
Bhalukpong,Arunachal Pradesh,27.01,92.65
Dirang,Arunachal Pradesh,27.35,92.23
Rupa,Arunachal Pradesh,27.2,92.4
Miao,Arunachal Pradesh,27.48,96.2
Jairampur,Arunachal Pradesh,27.35,96.05
Deomali,Arunachal Pradesh,27.15,95.48
Sohra,Meghalaya,25.3,91.7
Mawsynram,Meghalaya,25.3,91.58
Dawki,Meghalaya,25.19,92.02
Mawlynnong,Meghalaya,25.2,91.92
Byrnihat,Meghalaya,26.05,91.88
Nongstoin,Meghalaya,25.52,91.27
Ampati,Meghalaya,25.47,89.93
Ranikor,Meghalaya,25.18,91.23
Mawkyrwat,Meghalaya,25.37,91.45
Moirang,Manipur,24.5,93.77
Mayang Imphal,Manipur,24.62,93.88
Lilong,Manipur,24.72,93.93
Wangoi,Manipur,24.67,93.9
Yairipok,Manipur,24.67,94.07
Sugnu,Manipur,24.28,93.87
Nambol,Manipur,24.72,93.83
Kangpokpi,Manipur,25.15,93.97
Noney,Manipur,24.82,93.6
Pherzawl,Manipur,24.25,93.18
Kamjong,Manipur,24.97,94.48
Tengnoupal,Manipur,24.38,94.15
Moreh,Manipur,24.25,94.3
Pfutsero,Nagaland,25.57,94.32
Chumoukedima,Nagaland,25.8,93.78
Tseminyu,Nagaland,25.92,94.22
Shamator,Nagaland,26.07,94.9
Noklak,Nagaland,26.2,95.03
Medziphema,Nagaland,25.75,93.85
Jalukie,Nagaland,25.57,93.72
Changtongya,Nagaland,26.53,94.68
Tizit,Nagaland,26.9,95.07
Naganimora,Nagaland,26.78,94.82
Vairengte,Mizoram,24.5,92.77
Bilkhawthlir,Mizoram,24.33,92.73
Zawlnuam,Mizoram,24.13,92.35
Bairabi,Mizoram,24.18,92.53
Darlawn,Mizoram,24.02,92.93
Thenzawl,Mizoram,23.32,92.75
Khawhai,Mizoram,23.37,93.18
North Vanlaiphai,Mizoram,23.13,93.07
Hnahthial,Mizoram,22.97,92.93
Khawzawl,Mizoram,23.53,93.18
Saitual,Mizoram,23.97,92.58
Sonamura,Tripura,23.47,91.27
Bishalgarh,Tripura,23.68,91.27
Ranirbazar,Tripura,23.83,91.37
Santirbazar,Tripura,23.3,91.57
Sabroom,Tripura,23.0,91.7
Kamalpur,Tripura,24.2,91.83
Kumarghat,Tripura,24.17,92.03
Melaghar,Tripura,23.48,91.33
Amarpur,Tripura,23.53,91.65
Singtam,Sikkim,27.23,88.5
Rangpo,Sikkim,27.17,88.53
Rhenock,Sikkim,27.18,88.63
Ravangla,Sikkim,27.3,88.37
Jorethang,Sikkim,27.13,88.32
Yuksom,Sikkim,27.37,88.22
Chungthang,Sikkim,27.6,88.65
Lachen,Sikkim,27.72,88.55
Lachung,Sikkim,27.68,88.75
Dras,Ladakh,34.43,75.75
Diskit,Ladakh,34.57,77.55
Hunder,Ladakh,34.58,77.47
Nyoma,Ladakh,33.2,78.67
Padum,Ladakh,33.47,76.88
Turtuk,Ladakh,34.85,76.83
Gulmarg,Jammu and Kashmir,34.05,74.38
Pahalgam,Jammu and Kashmir,34.02,75.33
Sonamarg,Jammu and Kashmir,34.3,75.3
Katra,Jammu and Kashmir,32.99,74.93
Bhadarwah,Jammu and Kashmir,32.98,75.72
Akhnoor,Jammu and Kashmir,32.87,74.73
RS Pura,Jammu and Kashmir,32.63,74.73
Uri,Jammu and Kashmir,34.08,74.03
Tangmarg,Jammu and Kashmir,34.07,74.43
Tral,Jammu and Kashmir,33.93,75.12
Pampore,Jammu and Kashmir,34.02,74.93
Qazigund,Jammu and Kashmir,33.58,75.17
Banihal,Jammu and Kashmir,33.43,75.2
Batote,Jammu and Kashmir,33.17,75.32
Manali,Himachal Pradesh,32.2396,77.1887
Kaza,Himachal Pradesh,32.23,78.07
Tabo,Himachal Pradesh,32.1,78.38
Kalpa,Himachal Pradesh,31.53,78.25
Sangla,Himachal Pradesh,31.42,78.27
Kasol,Himachal Pradesh,32.01,77.32
Palampur,Himachal Pradesh,32.12,76.53
Jogindernagar,Himachal Pradesh,31.98,76.77
Rampur Bushahr,Himachal Pradesh,31.45,77.63
Nalagarh,Himachal Pradesh,31.05,76.72
Parwanoo,Himachal Pradesh,30.83,76.95
Dalhousie,Himachal Pradesh,32.53,75.98
Nurpur,Himachal Pradesh,32.3,75.88
Joshimath,Uttarakhand,30.55,79.57
Badrinath,Uttarakhand,30.74,79.49
Kedarnath,Uttarakhand,30.73,79.07
Gangotri,Uttarakhand,30.98,78.93
Yamunotri,Uttarakhand,31.02,78.45
Auli,Uttarakhand,30.53,79.57
Lansdowne,Uttarakhand,29.83,78.68
Ranikhet,Uttarakhand,29.64,79.42
Kausani,Uttarakhand,29.85,79.6
Mukteshwar,Uttarakhand,29.47,79.65
Bhimtal,Uttarakhand,29.35,79.55
Ramnagar,Uttarakhand,29.4,79.12
Tanakpur,Uttarakhand,29.07,80.12
Dharchula,Uttarakhand,29.85,80.53
Didihat,Uttarakhand,29.8,80.25
Gokarna,Karnataka,14.55,74.32
Murudeshwar,Karnataka,14.1,74.48
Dandeli,Karnataka,15.23,74.62
Sirsi,Karnataka,14.62,74.85
Bhatkal,Karnataka,13.98,74.55
Kumta,Karnataka,14.42,74.42
Sringeri,Karnataka,13.42,75.25
Kudremukh,Karnataka,13.22,75.25
Hampi,Karnataka,15.335,76.46
Badami,Karnataka,15.92,75.68
Pattadakal,Karnataka,15.95,75.82
Belur,Karnataka,13.16,75.86
Halebidu,Karnataka,13.22,75.98
Shravanabelagola,Karnataka,12.85,76.48
Nanjangud,Karnataka,12.12,76.68
Srirangapatna,Karnataka,12.42,76.7
Kundapura,Karnataka,13.62,74.68
Karkala,Karnataka,13.22,74.98
Puttur,Karnataka,12.77,75.2
Sullia,Karnataka,12.57,75.38
Munnar,Kerala,10.0889,77.0595
Thekkady,Kerala,9.6,77.17
Varkala,Kerala,8.73,76.71
Kovalam,Kerala,8.4,76.98
Kumarakom,Kerala,9.62,76.43
Bekal,Kerala,12.4,75.03
Guruvayur,Kerala,10.6,76.03
Sabarimala,Kerala,9.43,77.08
Vagamon,Kerala,9.68,76.9
Athirappilly,Kerala,10.32,76.57
Sultan Bathery,Kerala,11.67,76.25
Mananthavady,Kerala,11.8,76.0
Changanassery,Kerala,9.45,76.53
Kattappana,Kerala,9.77,77.12
Cherthala,Kerala,9.68,76.33
Rameswaram,Tamil Nadu,9.2876,79.3129
Dhanushkodi,Tamil Nadu,9.18,79.42
Kodaikanal,Tamil Nadu,10.2381,77.4892
Yercaud,Tamil Nadu,11.78,78.2
Mamallapuram,Tamil Nadu,12.62,80.19
Chidambaram,Tamil Nadu,11.4,79.7
Velankanni,Tamil Nadu,10.68,79.85
Courtallam,Tamil Nadu,8.93,77.27
Valparai,Tamil Nadu,10.32,76.95
Coonoor,Tamil Nadu,11.35,76.8
Kotagiri,Tamil Nadu,11.42,76.87
Pollachi,Tamil Nadu,10.66,77.01
Mettupalayam,Tamil Nadu,11.3,76.95
Tiruchendur,Tamil Nadu,8.5,78.12
Palani,Tamil Nadu,10.45,77.52
Araku Valley,Andhra Pradesh,18.33,82.88
Horsley Hills,Andhra Pradesh,13.65,78.4
Srisailam,Andhra Pradesh,16.07,78.87
Lepakshi,Andhra Pradesh,13.8,77.6
Puttaparthi,Andhra Pradesh,14.17,77.81
Mangalagiri,Andhra Pradesh,16.43,80.57
Amaravati,Andhra Pradesh,16.51,80.52
Bhadrachalam,Telangana,17.67,80.88
Yadagirigutta,Telangana,17.58,78.93
Alampur,Telangana,15.88,78.13
Vemulawada,Telangana,18.47,78.87
Basar,Telangana,18.98,77.95
Pokhran,Rajasthan,26.92,71.92
Phalodi,Rajasthan,27.13,72.37
Osian,Rajasthan,26.73,72.9
Bilara,Rajasthan,26.18,73.7
Sojat,Rajasthan,26.0,73.67
Sumerpur,Rajasthan,25.15,73.08
Abu Road,Rajasthan,24.48,72.78
Sanchore,Rajasthan,24.75,71.77
Bhinmal,Rajasthan,25.0,72.25
Balotra,Rajasthan,25.83,72.23
Rawatbhata,Rajasthan,24.93,75.58
Nathdwara,Rajasthan,24.93,73.82
Kankroli,Rajasthan,25.05,73.88
Chomu,Rajasthan,27.17,75.72
Mandvi,Gujarat,22.83,69.35
Mundra,Gujarat,22.84,69.73
Anjar,Gujarat,23.11,70.03
Gandhidham,Gujarat,23.08,70.13
Dwarka,Gujarat,22.24,68.97
Khambhalia,Gujarat,22.2,69.65
Keshod,Gujarat,21.3,70.25
Mangrol,Gujarat,21.12,70.12
Talala,Gujarat,21.05,70.53
Kodinar,Gujarat,20.79,70.7
Una,Gujarat,20.82,71.04
Palitana,Gujarat,21.52,71.83
Sanand,Gujarat,22.98,72.38
Dholka,Gujarat,22.72,72.44
Dhrangadhra,Gujarat,22.99,71.47
Halvad,Gujarat,23.01,71.18
Wankaner,Gujarat,22.62,70.97
Chotila,Gujarat,22.42,71.19
Lonavala,Maharashtra,18.75,73.41
Khandala,Maharashtra,18.76,73.37
Mahabaleshwar,Maharashtra,17.92,73.66
Panchgani,Maharashtra,17.92,73.8
Alibag,Maharashtra,18.66,72.87
Shirdi,Maharashtra,19.77,74.48
Igatpuri,Maharashtra,19.7,73.55
Trimbak,Maharashtra,19.93,73.53
Baramati,Maharashtra,18.15,74.58
Karad,Maharashtra,17.28,74.2
Sangamner,Maharashtra,19.57,74.22
Shrirampur,Maharashtra,19.62,74.65
Chiplun,Maharashtra,17.53,73.52
Dapoli,Maharashtra,17.75,73.18
Sawantwadi,Maharashtra,15.9,73.82
Malvan,Maharashtra,16.06,73.47
Khajuraho,Madhya Pradesh,24.85,79.93
Orchha,Madhya Pradesh,25.35,78.64
Pachmarhi,Madhya Pradesh,22.47,78.43
Mandu,Madhya Pradesh,22.37,75.4
Sanchi,Madhya Pradesh,23.48,77.74
Maheshwar,Madhya Pradesh,22.18,75.58
Omkareshwar,Madhya Pradesh,22.25,76.15
Amarkantak,Madhya Pradesh,22.67,81.76
Mainpat,Chhattisgarh,22.82,83.28
Chitrakote,Chhattisgarh,19.2,81.7
Ratanpur,Chhattisgarh,22.3,82.17
Sirpur,Chhattisgarh,21.34,82.18
Nalanda,Bihar,25.13,85.45
Rajgir,Bihar,25.03,85.42
Bodh Gaya,Bihar,24.7,84.99
Pawapuri,Bihar,25.08,85.52
Netarhat,Jharkhand,23.48,84.27
Parasnath,Jharkhand,23.96,86.13
Patratu,Jharkhand,23.67,85.3
Rajrappa,Jharkhand,23.63,85.7
Shantiniketan,West Bengal,23.68,87.69
Digha,West Bengal,21.63,87.52
Mandarmani,West Bengal,21.67,87.7
Bishnupur,West Bengal,23.07,87.32
Murshidabad,West Bengal,24.18,88.27
Mayapur,West Bengal,23.43,88.39
Mirik,West Bengal,26.89,88.18
Kurseong,West Bengal,26.88,88.28
Lava,West Bengal,27.08,88.66
Konark,Odisha,19.89,86.1
Chilika,Odisha,19.7,85.32
Gopalpur,Odisha,19.26,84.91
Chandipur,Odisha,21.47,87.02
